year,team,conference,rating,ranking,secondOrderWins,sos,offense,defense,specialTeams
2025,Ohio State,Big Ten,29.5,1.0,,,"{'ranking': 7, 'rating': 39.6, 'success': None, 'explosiveness': None, 'rushing': None, 'passing': None, 'standardDowns': None, 'passingDowns': None, 'runRate': None, 'pace': None}","{'ranking': 2, 'rating': 10.1, 'success': None, 'explosiveness': None, 'rushing': None, 'passing': None, 'standardDowns': None, 'passingDowns': None, 'havoc': {'total': None, 'frontSeven': None, 'db': None}}",{'rating': 0.3}
2025,Alabama,SEC,27.9,2.0,,,"{'ranking': 5, 'rating': 40.4, 'success': None, 'explosiveness': None, 'rushing': None, 'passing': None, 'standardDowns': None, 'passingDowns': None, 'runRate': None, 'pace': None}","{'ranking': 5, 'rating': 12.6, 'success': None, 'explosiveness': None, 'rushing': None, 'passing': None, 'standardDowns': None, 'passingDowns': None, 'havoc': {'total': None, 'frontSeven': None, 'db': None}}",{'rating': 0.2}
2025,Penn State,Big Ten,27.7,3.0,,,"{'ranking': 3, 'rating': 40.6, 'success': None, 'explosiveness': None, 'rushing': None, 'passing': None, 'standardDowns': None, 'passingDowns': None, 'runRate': None, 'pace': None}","{'ranking': 6, 'rating': 12.9, 'success': None, 'explosiveness': None, 'rushing': None, 'passing': None, 'standardDowns': None, 'passingDowns': None, 'havoc': {'total': None, 'frontSeven': None, 'db': None}}",{'rating': 0.1}
2025,Georgia,SEC,26.9,4.0,,,"{'ranking': 8, 'rating': 39, 'success': None, 'explosiveness': None, 'rushing': None, 'passing': None, 'standardDowns': None, 'passingDowns': None, 'runRate': None, 'pace': None}","{'ranking': 4, 'rating': 12.1, 'success': None, 'explosiveness': None, 'rushing': None, 'passing': None, 'standardDowns': None, 'passingDowns': None, 'havoc': {'total': None, 'frontSeven': None, 'db': None}}",{'rating': 0.6}
2025,Texas,SEC,26.4,5.0,,,"{'ranking': 16, 'rating': 35.4, 'success': None, 'explosiveness': None, 'rushing': None, 'passing': None, 'standardDowns': None, 'passingDowns': None, 'runRate': None, 'pace': None}","{'ranking': 1, 'rating': 9, 'success': None, 'explosiveness': None, 'rushing': None, 'passing': None, 'standardDowns': None, 'passingDowns': None, 'havoc': {'total': None, 'frontSeven': None, 'db': None}}",{'rating': -0.5}
2025,Notre Dame,FBS Independents,24.9,6.0,,,"{'ranking': 9, 'rating': 38.3, 'success': None, 'explosiveness': None, 'rushing': None, 'passing': None, 'standardDowns': None, 'passingDowns': None, 'runRate': None, 'pace': None}","{'ranking': 8, 'rating': 13.4, 'success': None, 'explosiveness': None, 'rushing': None, 'passing': None, 'standardDowns': None, 'passingDowns': None, 'havoc': {'total': None, 'frontSeven': None, 'db': None}}",{'rating': -0.2}
2025,Oregon,Big Ten,24.7,7.0,,,"{'ranking': 4, 'rating': 40.5, 'success': None, 'explosiveness': None, 'rushing': None, 'passing': None, 'standardDowns': None, 'passingDowns': None, 'runRate': None, 'pace': None}","{'ranking': 11, 'rating': 15.8, 'success': None, 'explosiveness': None, 'rushing': None, 'passing': None, 'standardDowns': None, 'passingDowns': None, 'havoc': {'total': None, 'frontSeven': None, 'db': None}}",{'rating': 0.5}
2025,Clemson,ACC,23.3,8.0,,,"{'ranking': 6, 'rating': 39.9, 'success': None, 'explosiveness': None, 'rushing': None, 'passing': None, 'standardDowns': None, 'passingDowns': None, 'runRate': None, 'pace': None}","{'ranking': 12, 'rating': 16.7, 'success': None, 'explosiveness': None, 'rushing': None, 'passing': None, 'standardDowns': None, 'passingDowns': None, 'havoc': {'total': None, 'frontSeven': None, 'db': None}}",{'rating': -0.3}
2025,LSU,SEC,22.1,9.0,,,"{'ranking': 2, 'rating': 40.7, 'success': None, 'explosiveness': None, 'rushing': None, 'passing': None, 'standardDowns': None, 'passingDowns': None, 'runRate': None, 'pace': None}","{'ranking': 23, 'rating': 18.6, 'success': None, 'explosiveness': None, 'rushing': None, 'passing': None, 'standardDowns': None, 'passingDowns': None, 'havoc': {'total': None, 'frontSeven': None, 'db': None}}",{'rating': 0.1}
2025,Michigan,Big Ten,21.5,10.0,,,"{'ranking': 32, 'rating': 31.8, 'success': None, 'explosiveness': None, 'rushing': None, 'passing': None, 'standardDowns': None, 'passingDowns': None, 'runRate': None, 'pace': None}","{'ranking': 3, 'rating': 10.3, 'success': None, 'explosiveness': None, 'rushing': None, 'passing': None, 'standardDowns': None, 'passingDowns': None, 'havoc': {'total': None, 'frontSeven': None, 'db': None}}",{'rating': 0.2}
2025,Ole Miss,SEC,19.8,11.0,,,"{'ranking': 20, 'rating': 34.6, 'success': None, 'explosiveness': None, 'rushing': None, 'passing': None, 'standardDowns': None, 'passingDowns': None, 'runRate': None, 'pace': None}","{'ranking': 9, 'rating': 14.8, 'success': None, 'explosiveness': None, 'rushing': None, 'passing': None, 'standardDowns': None, 'passingDowns': None, 'havoc': {'total': None, 'frontSeven': None, 'db': None}}",{'rating': 0.3}
2025,Miami,ACC,18.8,12.0,,,"{'ranking': 1, 'rating': 43.2, 'success': None, 'explosiveness': None, 'rushing': None, 'passing': None, 'standardDowns': None, 'passingDowns': None, 'runRate': None, 'pace': None}","{'ranking': 44, 'rating': 24.4, 'success': None, 'explosiveness': None, 'rushing': None, 'passing': None, 'standardDowns': None, 'passingDowns': None, 'havoc': {'total': None, 'frontSeven': None, 'db': None}}",{'rating': 0.2}
2025,Tennessee,SEC,18.4,13.0,,,"{'ranking': 34, 'rating': 31.4, 'success': None, 'explosiveness': None, 'rushing': None, 'passing': None, 'standardDowns': None, 'passingDowns': None, 'runRate': None, 'pace': None}","{'ranking': 7, 'rating': 13, 'success': None, 'explosiveness': None, 'rushing': None, 'passing': None, 'standardDowns': None, 'passingDowns': None, 'havoc': {'total': None, 'frontSeven': None, 'db': None}}",{'rating': 0.2}
2025,Florida,SEC,17.3,14.0,,,"{'ranking': 16, 'rating': 35.4, 'success': None, 'explosiveness': None, 'rushing': None, 'passing': None, 'standardDowns': None, 'passingDowns': None, 'runRate': None, 'pace': None}","{'ranking': 21, 'rating': 18.2, 'success': None, 'explosiveness': None, 'rushing': None, 'passing': None, 'standardDowns': None, 'passingDowns': None, 'havoc': {'total': None, 'frontSeven': None, 'db': None}}",{'rating': 0.3}
2025,Texas A&M,SEC,17.2,15.0,,,"{'ranking': 18, 'rating': 34.9, 'success': None, 'explosiveness': None, 'rushing': None, 'passing': None, 'standardDowns': None, 'passingDowns': None, 'runRate': None, 'pace': None}","{'ranking': 18, 'rating': 17.7, 'success': None, 'explosiveness': None, 'rushing': None, 'passing': None, 'standardDowns': None, 'passingDowns': None, 'havoc': {'total': None, 'frontSeven': None, 'db': None}}",{'rating': 0.2}
2025,Oklahoma,SEC,16.5,16.0,,,"{'ranking': 24, 'rating': 33.3, 'success': None, 'explosiveness': None, 'rushing': None, 'passing': None, 'standardDowns': None, 'passingDowns': None, 'runRate': None, 'pace': None}","{'ranking': 12, 'rating': 16.7, 'success': None, 'explosiveness': None, 'rushing': None, 'passing': None, 'standardDowns': None, 'passingDowns': None, 'havoc': {'total': None, 'frontSeven': None, 'db': None}}",{'rating': 0.2}
2025,South Carolina,SEC,16.1,17.0,,,"{'ranking': 24, 'rating': 33.3, 'success': None, 'explosiveness': None, 'rushing': None, 'passing': None, 'standardDowns': None, 'passingDowns': None, 'runRate': None, 'pace': None}","{'ranking': 15, 'rating': 17.2, 'success': None, 'explosiveness': None, 'rushing': None, 'passing': None, 'standardDowns': None, 'passingDowns': None, 'havoc': {'total': None, 'frontSeven': None, 'db': None}}",{'rating': 0.1}
2025,Kansas State,Big 12,15.6,18.0,,,"{'ranking': 14, 'rating': 35.7, 'success': None, 'explosiveness': None, 'rushing': None, 'passing': None, 'standardDowns': None, 'passingDowns': None, 'runRate': None, 'pace': None}","{'ranking': 26, 'rating': 20, 'success': None, 'explosiveness': None, 'rushing': None, 'passing': None, 'standardDowns': None, 'passingDowns': None, 'havoc': {'total': None, 'frontSeven': None, 'db': None}}",{'rating': 0.2}
2025,Illinois,Big Ten,14.3,19.0,,,"{'ranking': 28, 'rating': 32.3, 'success': None, 'explosiveness': None, 'rushing': None, 'passing': None, 'standardDowns': None, 'passingDowns': None, 'runRate': None, 'pace': None}","{'ranking': 20, 'rating': 18, 'success': None, 'explosiveness': None, 'rushing': None, 'passing': None, 'standardDowns': None, 'passingDowns': None, 'havoc': {'total': None, 'frontSeven': None, 'db': None}}",{'rating': 0.2}
2025,SMU,ACC,13.1,20.0,,,"{'ranking': 11, 'rating': 37.2, 'success': None, 'explosiveness': None, 'rushing': None, 'passing': None, 'standardDowns': None, 'passingDowns': None, 'runRate': None, 'pace': None}","{'ranking': 42, 'rating': 24.2, 'success': None, 'explosiveness': None, 'rushing': None, 'passing': None, 'standardDowns': None, 'passingDowns': None, 'havoc': {'total': None, 'frontSeven': None, 'db': None}}",{'rating': 0.1}
2025,Missouri,SEC,12.5,21.0,,,"{'ranking': 41, 'rating': 30.7, 'success': None, 'explosiveness': None, 'rushing': None, 'passing': None, 'standardDowns': None, 'passingDowns': None, 'runRate': None, 'pace': None}","{'ranking': 22, 'rating': 18.3, 'success': None, 'explosiveness': None, 'rushing': None, 'passing': None, 'standardDowns': None, 'passingDowns': None, 'havoc': {'total': None, 'frontSeven': None, 'db': None}}",{'rating': -0.1}
2025,Arizona State,Big 12,12.2,22.0,,,"{'ranking': 26, 'rating': 32.6, 'success': None, 'explosiveness': None, 'rushing': None, 'passing': None, 'standardDowns': None, 'passingDowns': None, 'runRate': None, 'pace': None}","{'ranking': 27, 'rating': 20.4, 'success': None, 'explosiveness': None, 'rushing': None, 'passing': None, 'standardDowns': None, 'passingDowns': None, 'havoc': {'total': None, 'frontSeven': None, 'db': None}}",{'rating': -0.6}
2025,Indiana,Big Ten,12.2,22.0,,,"{'ranking': 30, 'rating': 32.1, 'success': None, 'explosiveness': None, 'rushing': None, 'passing': None, 'standardDowns': None, 'passingDowns': None, 'runRate': None, 'pace': None}","{'ranking': 25, 'rating': 19.9, 'success': None, 'explosiveness': None, 'rushing': None, 'passing': None, 'standardDowns': None, 'passingDowns': None, 'havoc': {'total': None, 'frontSeven': None, 'db': None}}",{'rating': 0.2}
2025,Louisville,ACC,12.1,24.0,,,"{'ranking': 12, 'rating': 36.7, 'success': None, 'explosiveness': None, 'rushing': None, 'passing': None, 'standardDowns': None, 'passingDowns': None, 'runRate': None, 'pace': None}","{'ranking': 45, 'rating': 24.5, 'success': None, 'explosiveness': None, 'rushing': None, 'passing': None, 'standardDowns': None, 'passingDowns': None, 'havoc': {'total': None, 'frontSeven': None, 'db': None}}",{'rating': -0.1}
2025,Auburn,SEC,11.8,25.0,,,"{'ranking': 48, 'rating': 29.4, 'success': None, 'explosiveness': None, 'rushing': None, 'passing': None, 'standardDowns': None, 'passingDowns': None, 'runRate': None, 'pace': None}","{'ranking': 18, 'rating': 17.7, 'success': None, 'explosiveness': None, 'rushing': None, 'passing': None, 'standardDowns': None, 'passingDowns': None, 'havoc': {'total': None, 'frontSeven': None, 'db': None}}",{'rating': -0.1}
2025,Texas Tech,Big 12,11.8,25.0,,,"{'ranking': 9, 'rating': 38.3, 'success': None, 'explosiveness': None, 'rushing': None, 'passing': None, 'standardDowns': None, 'passingDowns': None, 'runRate': None, 'pace': None}","{'ranking': 55, 'rating': 26.5, 'success': None, 'explosiveness': None, 'rushing': None, 'passing': None, 'standardDowns': None, 'passingDowns': None, 'havoc': {'total': None, 'frontSeven': None, 'db': None}}",{'rating': 0.2}
2025,BYU,Big 12,11.5,27.0,,,"{'ranking': 29, 'rating': 32.2, 'success': None, 'explosiveness': None, 'rushing': None, 'passing': None, 'standardDowns': None, 'passingDowns': None, 'runRate': None, 'pace': None}","{'ranking': 28, 'rating': 20.6, 'success': None, 'explosiveness': None, 'rushing': None, 'passing': None, 'standardDowns': None, 'passingDowns': None, 'havoc': {'total': None, 'frontSeven': None, 'db': None}}",{'rating': 0.3}
2025,Iowa,Big Ten,11.4,28.0,,,"{'ranking': 68, 'rating': 26.9, 'success': None, 'explosiveness': None, 'rushing': None, 'passing': None, 'standardDowns': None, 'passingDowns': None, 'runRate': None, 'pace': None}","{'ranking': 10, 'rating': 15.5, 'success': None, 'explosiveness': None, 'rushing': None, 'passing': None, 'standardDowns': None, 'passingDowns': None, 'havoc': {'total': None, 'frontSeven': None, 'db': None}}",{'rating': 0.3}
2025,TCU,Big 12,11.1,29.0,,,"{'ranking': 19, 'rating': 34.8, 'success': None, 'explosiveness': None, 'rushing': None, 'passing': None, 'standardDowns': None, 'passingDowns': None, 'runRate': None, 'pace': None}","{'ranking': 37, 'rating': 23.7, 'success': None, 'explosiveness': None, 'rushing': None, 'passing': None, 'standardDowns': None, 'passingDowns': None, 'havoc': {'total': None, 'frontSeven': None, 'db': None}}",{'rating': -0.1}
2025,USC,Big Ten,11.0,30.0,,,"{'ranking': 13, 'rating': 36.2, 'success': None, 'explosiveness': None, 'rushing': None, 'passing': None, 'standardDowns': None, 'passingDowns': None, 'runRate': None, 'pace': None}","{'ranking': 47, 'rating': 25.2, 'success': None, 'explosiveness': None, 'rushing': None, 'passing': None, 'standardDowns': None, 'passingDowns': None, 'havoc': {'total': None, 'frontSeven': None, 'db': None}}",{'rating': 0.1}
2025,Utah,Big 12,11.0,30.0,,,"{'ranking': 53, 'rating': 28.3, 'success': None, 'explosiveness': None, 'rushing': None, 'passing': None, 'standardDowns': None, 'passingDowns': None, 'runRate': None, 'pace': None}","{'ranking': 16, 'rating': 17.3, 'success': None, 'explosiveness': None, 'rushing': None, 'passing': None, 'standardDowns': None, 'passingDowns': None, 'havoc': {'total': None, 'frontSeven': None, 'db': None}}",{'rating': 0.2}
2025,Iowa State,Big 12,11.0,30.0,,,"{'ranking': 33, 'rating': 31.5, 'success': None, 'explosiveness': None, 'rushing': None, 'passing': None, 'standardDowns': None, 'passingDowns': None, 'runRate': None, 'pace': None}","{'ranking': 28, 'rating': 20.6, 'success': None, 'explosiveness': None, 'rushing': None, 'passing': None, 'standardDowns': None, 'passingDowns': None, 'havoc': {'total': None, 'frontSeven': None, 'db': None}}",{'rating': -0.1}
2025,Boise State,Mountain West,9.2,33.0,,,"{'ranking': 15, 'rating': 35.5, 'success': None, 'explosiveness': None, 'rushing': None, 'passing': None, 'standardDowns': None, 'passingDowns': None, 'runRate': None, 'pace': None}","{'ranking': 53, 'rating': 26.3, 'success': None, 'explosiveness': None, 'rushing': None, 'passing': None, 'standardDowns': None, 'passingDowns': None, 'havoc': {'total': None, 'frontSeven': None, 'db': None}}",{'rating': -0.3}
2025,Nebraska,Big Ten,8.9,34.0,,,"{'ranking': 75, 'rating': 26.3, 'success': None, 'explosiveness': None, 'rushing': None, 'passing': None, 'standardDowns': None, 'passingDowns': None, 'runRate': None, 'pace': None}","{'ranking': 17, 'rating': 17.4, 'success': None, 'explosiveness': None, 'rushing': None, 'passing': None, 'standardDowns': None, 'passingDowns': None, 'havoc': {'total': None, 'frontSeven': None, 'db': None}}",{'rating': -0.2}
2025,Baylor,Big 12,7.5,35.0,,,"{'ranking': 20, 'rating': 34.6, 'success': None, 'explosiveness': None, 'rushing': None, 'passing': None, 'standardDowns': None, 'passingDowns': None, 'runRate': None, 'pace': None}","{'ranking': 58, 'rating': 27.1, 'success': None, 'explosiveness': None, 'rushing': None, 'passing': None, 'standardDowns': None, 'passingDowns': None, 'havoc': {'total': None, 'frontSeven': None, 'db': None}}",{'rating': 0.2}
2025,Florida State,ACC,7.2,36.0,,,"{'ranking': 58, 'rating': 27.7, 'success': None, 'explosiveness': None, 'rushing': None, 'passing': None, 'standardDowns': None, 'passingDowns': None, 'runRate': None, 'pace': None}","{'ranking': 28, 'rating': 20.6, 'success': None, 'explosiveness': None, 'rushing': None, 'passing': None, 'standardDowns': None, 'passingDowns': None, 'havoc': {'total': None, 'frontSeven': None, 'db': None}}",{'rating': 0.3}
2025,Wisconsin,Big Ten,7.2,36.0,,,"{'ranking': 72, 'rating': 26.5, 'success': None, 'explosiveness': None, 'rushing': None, 'passing': None, 'standardDowns': None, 'passingDowns': None, 'runRate': None, 'pace': None}","{'ranking': 24, 'rating': 19.3, 'success': None, 'explosiveness': None, 'rushing': None, 'passing': None, 'standardDowns': None, 'passingDowns': None, 'havoc': {'total': None, 'frontSeven': None, 'db': None}}",{'rating': 0}
2025,Arkansas,SEC,7.0,38.0,,,"{'ranking': 37, 'rating': 31, 'success': None, 'explosiveness': None, 'rushing': None, 'passing': None, 'standardDowns': None, 'passingDowns': None, 'runRate': None, 'pace': None}","{'ranking': 40, 'rating': 24, 'success': None, 'explosiveness': None, 'rushing': None, 'passing': None, 'standardDowns': None, 'passingDowns': None, 'havoc': {'total': None, 'frontSeven': None, 'db': None}}",{'rating': 0.2}
2025,Washington,Big Ten,6.4,39.0,,,"{'ranking': 51, 'rating': 28.8, 'success': None, 'explosiveness': None, 'rushing': None, 'passing': None, 'standardDowns': None, 'passingDowns': None, 'runRate': None, 'pace': None}","{'ranking': 34, 'rating': 22.4, 'success': None, 'explosiveness': None, 'rushing': None, 'passing': None, 'standardDowns': None, 'passingDowns': None, 'havoc': {'total': None, 'frontSeven': None, 'db': None}}",{'rating': -0.2}
2025,Minnesota,Big Ten,6.0,40.0,,,"{'ranking': 100, 'rating': 22.8, 'success': None, 'explosiveness': None, 'rushing': None, 'passing': None, 'standardDowns': None, 'passingDowns': None, 'runRate': None, 'pace': None}","{'ranking': 14, 'rating': 16.8, 'success': None, 'explosiveness': None, 'rushing': None, 'passing': None, 'standardDowns': None, 'passingDowns': None, 'havoc': {'total': None, 'frontSeven': None, 'db': None}}",{'rating': 0}
2025,Duke,ACC,4.9,41.0,,,"{'ranking': 65, 'rating': 27, 'success': None, 'explosiveness': None, 'rushing': None, 'passing': None, 'standardDowns': None, 'passingDowns': None, 'runRate': None, 'pace': None}","{'ranking': 33, 'rating': 22, 'success': None, 'explosiveness': None, 'rushing': None, 'passing': None, 'standardDowns': None, 'passingDowns': None, 'havoc': {'total': None, 'frontSeven': None, 'db': None}}",{'rating': 0}
2025,NC State,ACC,4.8,42.0,,,"{'ranking': 36, 'rating': 31.2, 'success': None, 'explosiveness': None, 'rushing': None, 'passing': None, 'standardDowns': None, 'passingDowns': None, 'runRate': None, 'pace': None}","{'ranking': 54, 'rating': 26.4, 'success': None, 'explosiveness': None, 'rushing': None, 'passing': None, 'standardDowns': None, 'passingDowns': None, 'havoc': {'total': None, 'frontSeven': None, 'db': None}}",{'rating': 0.1}
2025,Kentucky,SEC,4.7,43.0,,,"{'ranking': 79, 'rating': 25.8, 'success': None, 'explosiveness': None, 'rushing': None, 'passing': None, 'standardDowns': None, 'passingDowns': None, 'runRate': None, 'pace': None}","{'ranking': 31, 'rating': 21, 'success': None, 'explosiveness': None, 'rushing': None, 'passing': None, 'standardDowns': None, 'passingDowns': None, 'havoc': {'total': None, 'frontSeven': None, 'db': None}}",{'rating': 0.3}
2025,Georgia Tech,ACC,4.7,43.0,,,"{'ranking': 27, 'rating': 32.4, 'success': None, 'explosiveness': None, 'rushing': None, 'passing': None, 'standardDowns': None, 'passingDowns': None, 'runRate': None, 'pace': None}","{'ranking': 64, 'rating': 27.7, 'success': None, 'explosiveness': None, 'rushing': None, 'passing': None, 'standardDowns': None, 'passingDowns': None, 'havoc': {'total': None, 'frontSeven': None, 'db': None}}",{'rating': -0.1}
2025,Rutgers,Big Ten,4.7,43.0,,,"{'ranking': 50, 'rating': 28.9, 'success': None, 'explosiveness': None, 'rushing': None, 'passing': None, 'standardDowns': None, 'passingDowns': None, 'runRate': None, 'pace': None}","{'ranking': 42, 'rating': 24.2, 'success': None, 'explosiveness': None, 'rushing': None, 'passing': None, 'standardDowns': None, 'passingDowns': None, 'havoc': {'total': None, 'frontSeven': None, 'db': None}}",{'rating': 0.1}
2025,Virginia Tech,ACC,4.3,46.0,,,"{'ranking': 53, 'rating': 28.3, 'success': None, 'explosiveness': None, 'rushing': None, 'passing': None, 'standardDowns': None, 'passingDowns': None, 'runRate': None, 'pace': None}","{'ranking': 40, 'rating': 24, 'success': None, 'explosiveness': None, 'rushing': None, 'passing': None, 'standardDowns': None, 'passingDowns': None, 'havoc': {'total': None, 'frontSeven': None, 'db': None}}",{'rating': 0.2}
2025,Pittsburgh,ACC,3.4,47.0,,,"{'ranking': 45, 'rating': 29.9, 'success': None, 'explosiveness': None, 'rushing': None, 'passing': None, 'standardDowns': None, 'passingDowns': None, 'runRate': None, 'pace': None}","{'ranking': 55, 'rating': 26.5, 'success': None, 'explosiveness': None, 'rushing': None, 'passing': None, 'standardDowns': None, 'passingDowns': None, 'havoc': {'total': None, 'frontSeven': None, 'db': None}}",{'rating': 0.2}
2025,Tulane,American Athletic,3.3,48.0,,,"{'ranking': 34, 'rating': 31.4, 'success': None, 'explosiveness': None, 'rushing': None, 'passing': None, 'standardDowns': None, 'passingDowns': None, 'runRate': None, 'pace': None}","{'ranking': 66, 'rating': 28.1, 'success': None, 'explosiveness': None, 'rushing': None, 'passing': None, 'standardDowns': None, 'passingDowns': None, 'havoc': {'total': None, 'frontSeven': None, 'db': None}}",{'rating': 0}
2025,James Madison,Sun Belt,3.0,49.0,,,"{'ranking': 49, 'rating': 29.2, 'success': None, 'explosiveness': None, 'rushing': None, 'passing': None, 'standardDowns': None, 'passingDowns': None, 'runRate': None, 'pace': None}","{'ranking': 52, 'rating': 26.2, 'success': None, 'explosiveness': None, 'rushing': None, 'passing': None, 'standardDowns': None, 'passingDowns': None, 'havoc': {'total': None, 'frontSeven': None, 'db': None}}",{'rating': 0.1}
2025,Kansas,Big 12,3.0,49.0,,,"{'ranking': 31, 'rating': 32, 'success': None, 'explosiveness': None, 'rushing': None, 'passing': None, 'standardDowns': None, 'passingDowns': None, 'runRate': None, 'pace': None}","{'ranking': 74, 'rating': 29, 'success': None, 'explosiveness': None, 'rushing': None, 'passing': None, 'standardDowns': None, 'passingDowns': None, 'havoc': {'total': None, 'frontSeven': None, 'db': None}}",{'rating': -0.1}
2025,UCLA,Big Ten,2.9,51.0,,,"{'ranking': 72, 'rating': 26.5, 'success': None, 'explosiveness': None, 'rushing': None, 'passing': None, 'standardDowns': None, 'passingDowns': None, 'runRate': None, 'pace': None}","{'ranking': 37, 'rating': 23.7, 'success': None, 'explosiveness': None, 'rushing': None, 'passing': None, 'standardDowns': None, 'passingDowns': None, 'havoc': {'total': None, 'frontSeven': None, 'db': None}}",{'rating': 0.1}
2025,Colorado,Big 12,2.6,52.0,,,"{'ranking': 45, 'rating': 29.9, 'success': None, 'explosiveness': None, 'rushing': None, 'passing': None, 'standardDowns': None, 'passingDowns': None, 'runRate': None, 'pace': None}","{'ranking': 59, 'rating': 27.2, 'success': None, 'explosiveness': None, 'rushing': None, 'passing': None, 'standardDowns': None, 'passingDowns': None, 'havoc': {'total': None, 'frontSeven': None, 'db': None}}",{'rating': -0.2}
2025,Memphis,American Athletic,2.1,53.0,,,"{'ranking': 23, 'rating': 33.4, 'success': None, 'explosiveness': None, 'rushing': None, 'passing': None, 'standardDowns': None, 'passingDowns': None, 'runRate': None, 'pace': None}","{'ranking': 94, 'rating': 31.2, 'success': None, 'explosiveness': None, 'rushing': None, 'passing': None, 'standardDowns': None, 'passingDowns': None, 'havoc': {'total': None, 'frontSeven': None, 'db': None}}",{'rating': 0.1}
2025,North Carolina,ACC,2.0,54.0,,,"{'ranking': 39, 'rating': 30.9, 'success': None, 'explosiveness': None, 'rushing': None, 'passing': None, 'standardDowns': None, 'passingDowns': None, 'runRate': None, 'pace': None}","{'ranking': 74, 'rating': 29, 'success': None, 'explosiveness': None, 'rushing': None, 'passing': None, 'standardDowns': None, 'passingDowns': None, 'havoc': {'total': None, 'frontSeven': None, 'db': None}}",{'rating': 0}
2025,Vanderbilt,SEC,1.7,55.0,,,"{'ranking': 63, 'rating': 27.3, 'success': None, 'explosiveness': None, 'rushing': None, 'passing': None, 'standardDowns': None, 'passingDowns': None, 'runRate': None, 'pace': None}","{'ranking': 50, 'rating': 25.7, 'success': None, 'explosiveness': None, 'rushing': None, 'passing': None, 'standardDowns': None, 'passingDowns': None, 'havoc': {'total': None, 'frontSeven': None, 'db': None}}",{'rating': 0.3}
2025,Syracuse,ACC,1.6,56.0,,,"{'ranking': 41, 'rating': 30.7, 'success': None, 'explosiveness': None, 'rushing': None, 'passing': None, 'standardDowns': None, 'passingDowns': None, 'runRate': None, 'pace': None}","{'ranking': 76, 'rating': 29.1, 'success': None, 'explosiveness': None, 'rushing': None, 'passing': None, 'standardDowns': None, 'passingDowns': None, 'havoc': {'total': None, 'frontSeven': None, 'db': None}}",{'rating': -0.2}
2025,West Virginia,Big 12,1.0,57.0,,,"{'ranking': 45, 'rating': 29.9, 'success': None, 'explosiveness': None, 'rushing': None, 'passing': None, 'standardDowns': None, 'passingDowns': None, 'runRate': None, 'pace': None}","{'ranking': 72, 'rating': 28.9, 'success': None, 'explosiveness': None, 'rushing': None, 'passing': None, 'standardDowns': None, 'passingDowns': None, 'havoc': {'total': None, 'frontSeven': None, 'db': None}}",{'rating': 0.2}
2025,Houston,Big 12,0.9,58.0,,,"{'ranking': 91, 'rating': 24.3, 'success': None, 'explosiveness': None, 'rushing': None, 'passing': None, 'standardDowns': None, 'passingDowns': None, 'runRate': None, 'pace': None}","{'ranking': 36, 'rating': 23.4, 'success': None, 'explosiveness': None, 'rushing': None, 'passing': None, 'standardDowns': None, 'passingDowns': None, 'havoc': {'total': None, 'frontSeven': None, 'db': None}}",{'rating': -0.2}
2025,Oklahoma State,Big 12,0.9,58.0,,,"{'ranking': 39, 'rating': 30.9, 'success': None, 'explosiveness': None, 'rushing': None, 'passing': None, 'standardDowns': None, 'passingDowns': None, 'runRate': None, 'pace': None}","{'ranking': 84, 'rating': 30, 'success': None, 'explosiveness': None, 'rushing': None, 'passing': None, 'standardDowns': None, 'passingDowns': None, 'havoc': {'total': None, 'frontSeven': None, 'db': None}}",{'rating': 0}
2025,Arizona,Big 12,0.7,60.0,,,"{'ranking': 51, 'rating': 28.8, 'success': None, 'explosiveness': None, 'rushing': None, 'passing': None, 'standardDowns': None, 'passingDowns': None, 'runRate': None, 'pace': None}","{'ranking': 66, 'rating': 28.1, 'success': None, 'explosiveness': None, 'rushing': None, 'passing': None, 'standardDowns': None, 'passingDowns': None, 'havoc': {'total': None, 'frontSeven': None, 'db': None}}",{'rating': 0.2}
2025,UCF,Big 12,0.4,61.0,,,"{'ranking': 57, 'rating': 27.8, 'success': None, 'explosiveness': None, 'rushing': None, 'passing': None, 'standardDowns': None, 'passingDowns': None, 'runRate': None, 'pace': None}","{'ranking': 61, 'rating': 27.3, 'success': None, 'explosiveness': None, 'rushing': None, 'passing': None, 'standardDowns': None, 'passingDowns': None, 'havoc': {'total': None, 'frontSeven': None, 'db': None}}",{'rating': 0}
2025,Boston College,ACC,0.3,62.0,,,"{'ranking': 68, 'rating': 26.9, 'success': None, 'explosiveness': None, 'rushing': None, 'passing': None, 'standardDowns': None, 'passingDowns': None, 'runRate': None, 'pace': None}","{'ranking': 55, 'rating': 26.5, 'success': None, 'explosiveness': None, 'rushing': None, 'passing': None, 'standardDowns': None, 'passingDowns': None, 'havoc': {'total': None, 'frontSeven': None, 'db': None}}",{'rating': -0.2}
2025,UTSA,American Athletic,0.0,63.0,,,"{'ranking': 22, 'rating': 33.9, 'success': None, 'explosiveness': None, 'rushing': None, 'passing': None, 'standardDowns': None, 'passingDowns': None, 'runRate': None, 'pace': None}","{'ranking': 107, 'rating': 33.9, 'success': None, 'explosiveness': None, 'rushing': None, 'passing': None, 'standardDowns': None, 'passingDowns': None, 'havoc': {'total': None, 'frontSeven': None, 'db': None}}",{'rating': 0.2}
2025,Michigan State,Big Ten,-0.2,64.0,,,"{'ranking': 107, 'rating': 21.6, 'success': None, 'explosiveness': None, 'rushing': None, 'passing': None, 'standardDowns': None, 'passingDowns': None, 'runRate': None, 'pace': None}","{'ranking': 32, 'rating': 21.9, 'success': None, 'explosiveness': None, 'rushing': None, 'passing': None, 'standardDowns': None, 'passingDowns': None, 'havoc': {'total': None, 'frontSeven': None, 'db': None}}",{'rating': 0.2}
2025,California,ACC,-0.3,65.0,,,"{'ranking': 79, 'rating': 25.8, 'success': None, 'explosiveness': None, 'rushing': None, 'passing': None, 'standardDowns': None, 'passingDowns': None, 'runRate': None, 'pace': None}","{'ranking': 51, 'rating': 26, 'success': None, 'explosiveness': None, 'rushing': None, 'passing': None, 'standardDowns': None, 'passingDowns': None, 'havoc': {'total': None, 'frontSeven': None, 'db': None}}",{'rating': 0}
2025,Cincinnati,Big 12,-0.3,65.0,,,"{'ranking': 84, 'rating': 25.1, 'success': None, 'explosiveness': None, 'rushing': None, 'passing': None, 'standardDowns': None, 'passingDowns': None, 'runRate': None, 'pace': None}","{'ranking': 49, 'rating': 25.4, 'success': None, 'explosiveness': None, 'rushing': None, 'passing': None, 'standardDowns': None, 'passingDowns': None, 'havoc': {'total': None, 'frontSeven': None, 'db': None}}",{'rating': -0.1}
2025,Army,American Athletic,-0.6,67.0,,,"{'ranking': 88, 'rating': 24.5, 'success': None, 'explosiveness': None, 'rushing': None, 'passing': None, 'standardDowns': None, 'passingDowns': None, 'runRate': None, 'pace': None}","{'ranking': 46, 'rating': 25.1, 'success': None, 'explosiveness': None, 'rushing': None, 'passing': None, 'standardDowns': None, 'passingDowns': None, 'havoc': {'total': None, 'frontSeven': None, 'db': None}}",{'rating': 0}
2025,Navy,American Athletic,-1.0,68.0,,,"{'ranking': 58, 'rating': 27.7, 'success': None, 'explosiveness': None, 'rushing': None, 'passing': None, 'standardDowns': None, 'passingDowns': None, 'runRate': None, 'pace': None}","{'ranking': 71, 'rating': 28.7, 'success': None, 'explosiveness': None, 'rushing': None, 'passing': None, 'standardDowns': None, 'passingDowns': None, 'havoc': {'total': None, 'frontSeven': None, 'db': None}}",{'rating': -0.2}
2025,Liberty,Conference USA,-1.1,69.0,,,"{'ranking': 61, 'rating': 27.4, 'success': None, 'explosiveness': None, 'rushing': None, 'passing': None, 'standardDowns': None, 'passingDowns': None, 'runRate': None, 'pace': None}","{'ranking': 69, 'rating': 28.5, 'success': None, 'explosiveness': None, 'rushing': None, 'passing': None, 'standardDowns': None, 'passingDowns': None, 'havoc': {'total': None, 'frontSeven': None, 'db': None}}",{'rating': -0.2}
2025,Maryland,Big Ten,-1.1,69.0,,,"{'ranking': 93, 'rating': 24.2, 'success': None, 'explosiveness': None, 'rushing': None, 'passing': None, 'standardDowns': None, 'passingDowns': None, 'runRate': None, 'pace': None}","{'ranking': 48, 'rating': 25.3, 'success': None, 'explosiveness': None, 'rushing': None, 'passing': None, 'standardDowns': None, 'passingDowns': None, 'havoc': {'total': None, 'frontSeven': None, 'db': None}}",{'rating': 0}
2025,Toledo,Mid-American,-1.4,71.0,,,"{'ranking': 77, 'rating': 26.2, 'success': None, 'explosiveness': None, 'rushing': None, 'passing': None, 'standardDowns': None, 'passingDowns': None, 'runRate': None, 'pace': None}","{'ranking': 63, 'rating': 27.6, 'success': None, 'explosiveness': None, 'rushing': None, 'passing': None, 'standardDowns': None, 'passingDowns': None, 'havoc': {'total': None, 'frontSeven': None, 'db': None}}",{'rating': -0.1}
2025,Mississippi State,SEC,-1.4,71.0,,,"{'ranking': 60, 'rating': 27.5, 'success': None, 'explosiveness': None, 'rushing': None, 'passing': None, 'standardDowns': None, 'passingDowns': None, 'runRate': None, 'pace': None}","{'ranking': 72, 'rating': 28.9, 'success': None, 'explosiveness': None, 'rushing': None, 'passing': None, 'standardDowns': None, 'passingDowns': None, 'havoc': {'total': None, 'frontSeven': None, 'db': None}}",{'rating': 0.2}
2025,Oregon State,Pac-12,-2.4,73.0,,,"{'ranking': 56, 'rating': 27.9, 'success': None, 'explosiveness': None, 'rushing': None, 'passing': None, 'standardDowns': None, 'passingDowns': None, 'runRate': None, 'pace': None}","{'ranking': 85, 'rating': 30.3, 'success': None, 'explosiveness': None, 'rushing': None, 'passing': None, 'standardDowns': None, 'passingDowns': None, 'havoc': {'total': None, 'frontSeven': None, 'db': None}}",{'rating': 0}
2025,Louisiana,Sun Belt,-3.1,74.0,,,"{'ranking': 71, 'rating': 26.8, 'success': None, 'explosiveness': None, 'rushing': None, 'passing': None, 'standardDowns': None, 'passingDowns': None, 'runRate': None, 'pace': None}","{'ranking': 83, 'rating': 29.9, 'success': None, 'explosiveness': None, 'rushing': None, 'passing': None, 'standardDowns': None, 'passingDowns': None, 'havoc': {'total': None, 'frontSeven': None, 'db': None}}",{'rating': 0.4}
2025,UNLV,Mountain West,-3.3,75.0,,,"{'ranking': 61, 'rating': 27.4, 'success': None, 'explosiveness': None, 'rushing': None, 'passing': None, 'standardDowns': None, 'passingDowns': None, 'runRate': None, 'pace': None}","{'ranking': 89, 'rating': 30.7, 'success': None, 'explosiveness': None, 'rushing': None, 'passing': None, 'standardDowns': None, 'passingDowns': None, 'havoc': {'total': None, 'frontSeven': None, 'db': None}}",{'rating': 0.4}
2025,South Alabama,Sun Belt,-3.4,76.0,,,"{'ranking': 74, 'rating': 26.4, 'success': None, 'explosiveness': None, 'rushing': None, 'passing': None, 'standardDowns': None, 'passingDowns': None, 'runRate': None, 'pace': None}","{'ranking': 81, 'rating': 29.8, 'success': None, 'explosiveness': None, 'rushing': None, 'passing': None, 'standardDowns': None, 'passingDowns': None, 'havoc': {'total': None, 'frontSeven': None, 'db': None}}",{'rating': 0}
2025,South Florida,American Athletic,-3.5,77.0,,,"{'ranking': 44, 'rating': 30.4, 'success': None, 'explosiveness': None, 'rushing': None, 'passing': None, 'standardDowns': None, 'passingDowns': None, 'runRate': None, 'pace': None}","{'ranking': 107, 'rating': 33.9, 'success': None, 'explosiveness': None, 'rushing': None, 'passing': None, 'standardDowns': None, 'passingDowns': None, 'havoc': {'total': None, 'frontSeven': None, 'db': None}}",{'rating': 0.2}
2025,Georgia Southern,Sun Belt,-4.0,78.0,,,"{'ranking': 63, 'rating': 27.3, 'success': None, 'explosiveness': None, 'rushing': None, 'passing': None, 'standardDowns': None, 'passingDowns': None, 'runRate': None, 'pace': None}","{'ranking': 95, 'rating': 31.3, 'success': None, 'explosiveness': None, 'rushing': None, 'passing': None, 'standardDowns': None, 'passingDowns': None, 'havoc': {'total': None, 'frontSeven': None, 'db': None}}",{'rating': 0.2}
2025,Virginia,ACC,-4.3,79.0,,,"{'ranking': 90, 'rating': 24.4, 'success': None, 'explosiveness': None, 'rushing': None, 'passing': None, 'standardDowns': None, 'passingDowns': None, 'runRate': None, 'pace': None}","{'ranking': 70, 'rating': 28.6, 'success': None, 'explosiveness': None, 'rushing': None, 'passing': None, 'standardDowns': None, 'passingDowns': None, 'havoc': {'total': None, 'frontSeven': None, 'db': None}}",{'rating': 0.1}
2025,Ohio,Mid-American,-4.4,80.0,,,"{'ranking': 83, 'rating': 25.2, 'success': None, 'explosiveness': None, 'rushing': None, 'passing': None, 'standardDowns': None, 'passingDowns': None, 'runRate': None, 'pace': None}","{'ranking': 79, 'rating': 29.6, 'success': None, 'explosiveness': None, 'rushing': None, 'passing': None, 'standardDowns': None, 'passingDowns': None, 'havoc': {'total': None, 'frontSeven': None, 'db': None}}",{'rating': -0.3}
2025,Wake Forest,ACC,-4.6,81.0,,,"{'ranking': 78, 'rating': 26, 'success': None, 'explosiveness': None, 'rushing': None, 'passing': None, 'standardDowns': None, 'passingDowns': None, 'runRate': None, 'pace': None}","{'ranking': 87, 'rating': 30.6, 'success': None, 'explosiveness': None, 'rushing': None, 'passing': None, 'standardDowns': None, 'passingDowns': None, 'havoc': {'total': None, 'frontSeven': None, 'db': None}}",{'rating': 0.1}
2025,Washington State,Pac-12,-4.8,82.0,,,"{'ranking': 43, 'rating': 30.6, 'success': None, 'explosiveness': None, 'rushing': None, 'passing': None, 'standardDowns': None, 'passingDowns': None, 'runRate': None, 'pace': None}","{'ranking': 116, 'rating': 35.5, 'success': None, 'explosiveness': None, 'rushing': None, 'passing': None, 'standardDowns': None, 'passingDowns': None, 'havoc': {'total': None, 'frontSeven': None, 'db': None}}",{'rating': -0.2}
2025,San Jos√© State,Mountain West,-5.2,83.0,,,"{'ranking': 81, 'rating': 25.7, 'success': None, 'explosiveness': None, 'rushing': None, 'passing': None, 'standardDowns': None, 'passingDowns': None, 'runRate': None, 'pace': None}","{'ranking': 92, 'rating': 30.9, 'success': None, 'explosiveness': None, 'rushing': None, 'passing': None, 'standardDowns': None, 'passingDowns': None, 'havoc': {'total': None, 'frontSeven': None, 'db': None}}",{'rating': -0.2}
2025,UConn,FBS Independents,-5.4,84.0,,,"{'ranking': 84, 'rating': 25.1, 'success': None, 'explosiveness': None, 'rushing': None, 'passing': None, 'standardDowns': None, 'passingDowns': None, 'runRate': None, 'pace': None}","{'ranking': 86, 'rating': 30.5, 'success': None, 'explosiveness': None, 'rushing': None, 'passing': None, 'standardDowns': None, 'passingDowns': None, 'havoc': {'total': None, 'frontSeven': None, 'db': None}}",{'rating': 0.1}
2025,Western Kentucky,Conference USA,-5.8,85.0,,,"{'ranking': 102, 'rating': 22.4, 'success': None, 'explosiveness': None, 'rushing': None, 'passing': None, 'standardDowns': None, 'passingDowns': None, 'runRate': None, 'pace': None}","{'ranking': 68, 'rating': 28.2, 'success': None, 'explosiveness': None, 'rushing': None, 'passing': None, 'standardDowns': None, 'passingDowns': None, 'havoc': {'total': None, 'frontSeven': None, 'db': None}}",{'rating': 0.6}
2025,Troy,Sun Belt,-6.0,86.0,,,"{'ranking': 96, 'rating': 23.8, 'success': None, 'explosiveness': None, 'rushing': None, 'passing': None, 'standardDowns': None, 'passingDowns': None, 'runRate': None, 'pace': None}","{'ranking': 81, 'rating': 29.8, 'success': None, 'explosiveness': None, 'rushing': None, 'passing': None, 'standardDowns': None, 'passingDowns': None, 'havoc': {'total': None, 'frontSeven': None, 'db': None}}",{'rating': -0.1}
2025,Northwestern,Big Ten,-6.1,87.0,,,"{'ranking': 129, 'rating': 17.7, 'success': None, 'explosiveness': None, 'rushing': None, 'passing': None, 'standardDowns': None, 'passingDowns': None, 'runRate': None, 'pace': None}","{'ranking': 39, 'rating': 23.8, 'success': None, 'explosiveness': None, 'rushing': None, 'passing': None, 'standardDowns': None, 'passingDowns': None, 'havoc': {'total': None, 'frontSeven': None, 'db': None}}",{'rating': -0.2}
2025,Stanford,ACC,-6.2,88.0,,,"{'ranking': 82, 'rating': 25.5, 'success': None, 'explosiveness': None, 'rushing': None, 'passing': None, 'standardDowns': None, 'passingDowns': None, 'runRate': None, 'pace': None}","{'ranking': 96, 'rating': 31.7, 'success': None, 'explosiveness': None, 'rushing': None, 'passing': None, 'standardDowns': None, 'passingDowns': None, 'havoc': {'total': None, 'frontSeven': None, 'db': None}}",{'rating': 0.2}
2025,Fresno State,Mountain West,-6.2,88.0,,,"{'ranking': 98, 'rating': 23, 'success': None, 'explosiveness': None, 'rushing': None, 'passing': None, 'standardDowns': None, 'passingDowns': None, 'runRate': None, 'pace': None}","{'ranking': 77, 'rating': 29.2, 'success': None, 'explosiveness': None, 'rushing': None, 'passing': None, 'standardDowns': None, 'passingDowns': None, 'havoc': {'total': None, 'frontSeven': None, 'db': None}}",{'rating': -0.2}
2025,East Carolina,American Athletic,-6.6,90.0,,,"{'ranking': 65, 'rating': 27, 'success': None, 'explosiveness': None, 'rushing': None, 'passing': None, 'standardDowns': None, 'passingDowns': None, 'runRate': None, 'pace': None}","{'ranking': 106, 'rating': 33.6, 'success': None, 'explosiveness': None, 'rushing': None, 'passing': None, 'standardDowns': None, 'passingDowns': None, 'havoc': {'total': None, 'frontSeven': None, 'db': None}}",{'rating': 0}
2025,Buffalo,Mid-American,-7.1,91.0,,,"{'ranking': 104, 'rating': 22.2, 'success': None, 'explosiveness': None, 'rushing': None, 'passing': None, 'standardDowns': None, 'passingDowns': None, 'runRate': None, 'pace': None}","{'ranking': 78, 'rating': 29.3, 'success': None, 'explosiveness': None, 'rushing': None, 'passing': None, 'standardDowns': None, 'passingDowns': None, 'havoc': {'total': None, 'frontSeven': None, 'db': None}}",{'rating': 0.1}
2025,North Texas,American Athletic,-7.2,92.0,,,"{'ranking': 37, 'rating': 31, 'success': None, 'explosiveness': None, 'rushing': None, 'passing': None, 'standardDowns': None, 'passingDowns': None, 'runRate': None, 'pace': None}","{'ranking': 127, 'rating': 38.2, 'success': None, 'explosiveness': None, 'rushing': None, 'passing': None, 'standardDowns': None, 'passingDowns': None, 'havoc': {'total': None, 'frontSeven': None, 'db': None}}",{'rating': -0.1}
2025,Texas State,Sun Belt,-7.2,92.0,,,"{'ranking': 65, 'rating': 27, 'success': None, 'explosiveness': None, 'rushing': None, 'passing': None, 'standardDowns': None, 'passingDowns': None, 'runRate': None, 'pace': None}","{'ranking': 111, 'rating': 34.2, 'success': None, 'explosiveness': None, 'rushing': None, 'passing': None, 'standardDowns': None, 'passingDowns': None, 'havoc': {'total': None, 'frontSeven': None, 'db': None}}",{'rating': 0}
2025,Air Force,Mountain West,-7.3,94.0,,,"{'ranking': 116, 'rating': 20, 'success': None, 'explosiveness': None, 'rushing': None, 'passing': None, 'standardDowns': None, 'passingDowns': None, 'runRate': None, 'pace': None}","{'ranking': 59, 'rating': 27.2, 'success': None, 'explosiveness': None, 'rushing': None, 'passing': None, 'standardDowns': None, 'passingDowns': None, 'havoc': {'total': None, 'frontSeven': None, 'db': None}}",{'rating': -0.2}
2025,Coastal Carolina,Sun Belt,-7.3,94.0,,,"{'ranking': 55, 'rating': 28, 'success': None, 'explosiveness': None, 'rushing': None, 'passing': None, 'standardDowns': None, 'passingDowns': None, 'runRate': None, 'pace': None}","{'ranking': 114, 'rating': 35.4, 'success': None, 'explosiveness': None, 'rushing': None, 'passing': None, 'standardDowns': None, 'passingDowns': None, 'havoc': {'total': None, 'frontSeven': None, 'db': None}}",{'rating': 0.1}
2025,Miami (OH),Mid-American,-7.6,96.0,,,"{'ranking': 135, 'rating': 14.9, 'success': None, 'explosiveness': None, 'rushing': None, 'passing': None, 'standardDowns': None, 'passingDowns': None, 'runRate': None, 'pace': None}","{'ranking': 35, 'rating': 22.5, 'success': None, 'explosiveness': None, 'rushing': None, 'passing': None, 'standardDowns': None, 'passingDowns': None, 'havoc': {'total': None, 'frontSeven': None, 'db': None}}",{'rating': 0.4}
2025,Colorado State,Mountain West,-8.3,97.0,,,"{'ranking': 95, 'rating': 24, 'success': None, 'explosiveness': None, 'rushing': None, 'passing': None, 'standardDowns': None, 'passingDowns': None, 'runRate': None, 'pace': None}","{'ranking': 98, 'rating': 32.3, 'success': None, 'explosiveness': None, 'rushing': None, 'passing': None, 'standardDowns': None, 'passingDowns': None, 'havoc': {'total': None, 'frontSeven': None, 'db': None}}",{'rating': -0.1}
2025,App State,Sun Belt,-8.8,98.0,,,"{'ranking': 94, 'rating': 24.1, 'success': None, 'explosiveness': None, 'rushing': None, 'passing': None, 'standardDowns': None, 'passingDowns': None, 'runRate': None, 'pace': None}","{'ranking': 103, 'rating': 32.9, 'success': None, 'explosiveness': None, 'rushing': None, 'passing': None, 'standardDowns': None, 'passingDowns': None, 'havoc': {'total': None, 'frontSeven': None, 'db': None}}",{'rating': -0.2}
2025,Marshall,Sun Belt,-9.4,99.0,,,"{'ranking': 87, 'rating': 24.6, 'success': None, 'explosiveness': None, 'rushing': None, 'passing': None, 'standardDowns': None, 'passingDowns': None, 'runRate': None, 'pace': None}","{'ranking': 110, 'rating': 34, 'success': None, 'explosiveness': None, 'rushing': None, 'passing': None, 'standardDowns': None, 'passingDowns': None, 'havoc': {'total': None, 'frontSeven': None, 'db': None}}",{'rating': 0.1}
2025,Arkansas State,Sun Belt,-9.9,100.0,,,"{'ranking': 68, 'rating': 26.9, 'success': None, 'explosiveness': None, 'rushing': None, 'passing': None, 'standardDowns': None, 'passingDowns': None, 'runRate': None, 'pace': None}","{'ranking': 122, 'rating': 36.8, 'success': None, 'explosiveness': None, 'rushing': None, 'passing': None, 'standardDowns': None, 'passingDowns': None, 'havoc': {'total': None, 'frontSeven': None, 'db': None}}",{'rating': 0.1}
2025,Purdue,Big Ten,-10.0,101.0,,,"{'ranking': 110, 'rating': 20.8, 'success': None, 'explosiveness': None, 'rushing': None, 'passing': None, 'standardDowns': None, 'passingDowns': None, 'runRate': None, 'pace': None}","{'ranking': 90, 'rating': 30.8, 'success': None, 'explosiveness': None, 'rushing': None, 'passing': None, 'standardDowns': None, 'passingDowns': None, 'havoc': {'total': None, 'frontSeven': None, 'db': None}}",{'rating': -0.2}
2025,San Diego State,Mountain West,-10.1,102.0,,,"{'ranking': 125, 'rating': 17.9, 'success': None, 'explosiveness': None, 'rushing': None, 'passing': None, 'standardDowns': None, 'passingDowns': None, 'runRate': None, 'pace': None}","{'ranking': 65, 'rating': 28, 'success': None, 'explosiveness': None, 'rushing': None, 'passing': None, 'standardDowns': None, 'passingDowns': None, 'havoc': {'total': None, 'frontSeven': None, 'db': None}}",{'rating': -0.1}
2025,Old Dominion,Sun Belt,-10.2,103.0,,,"{'ranking': 100, 'rating': 22.8, 'success': None, 'explosiveness': None, 'rushing': None, 'passing': None, 'standardDowns': None, 'passingDowns': None, 'runRate': None, 'pace': None}","{'ranking': 104, 'rating': 33, 'success': None, 'explosiveness': None, 'rushing': None, 'passing': None, 'standardDowns': None, 'passingDowns': None, 'havoc': {'total': None, 'frontSeven': None, 'db': None}}",{'rating': 0}
2025,Jacksonville State,Conference USA,-10.4,104.0,,,"{'ranking': 105, 'rating': 22, 'success': None, 'explosiveness': None, 'rushing': None, 'passing': None, 'standardDowns': None, 'passingDowns': None, 'runRate': None, 'pace': None}","{'ranking': 99, 'rating': 32.4, 'success': None, 'explosiveness': None, 'rushing': None, 'passing': None, 'standardDowns': None, 'passingDowns': None, 'havoc': {'total': None, 'frontSeven': None, 'db': None}}",{'rating': -0.4}
2025,Wyoming,Mountain West,-10.8,105.0,,,"{'ranking': 108, 'rating': 21.4, 'success': None, 'explosiveness': None, 'rushing': None, 'passing': None, 'standardDowns': None, 'passingDowns': None, 'runRate': None, 'pace': None}","{'ranking': 97, 'rating': 32.2, 'success': None, 'explosiveness': None, 'rushing': None, 'passing': None, 'standardDowns': None, 'passingDowns': None, 'havoc': {'total': None, 'frontSeven': None, 'db': None}}",{'rating': 0.1}
2025,Northern Illinois,Mid-American,-11.0,106.0,,,"{'ranking': 133, 'rating': 16.3, 'success': None, 'explosiveness': None, 'rushing': None, 'passing': None, 'standardDowns': None, 'passingDowns': None, 'runRate': None, 'pace': None}","{'ranking': 61, 'rating': 27.3, 'success': None, 'explosiveness': None, 'rushing': None, 'passing': None, 'standardDowns': None, 'passingDowns': None, 'havoc': {'total': None, 'frontSeven': None, 'db': None}}",{'rating': -0.2}
2025,Sam Houston,Conference USA,-11.1,107.0,,,"{'ranking': 118, 'rating': 19.7, 'success': None, 'explosiveness': None, 'rushing': None, 'passing': None, 'standardDowns': None, 'passingDowns': None, 'runRate': None, 'pace': None}","{'ranking': 90, 'rating': 30.8, 'success': None, 'explosiveness': None, 'rushing': None, 'passing': None, 'standardDowns': None, 'passingDowns': None, 'havoc': {'total': None, 'frontSeven': None, 'db': None}}",{'rating': -0.2}
2025,Hawai'i,Mountain West,-11.5,108.0,,,"{'ranking': 120, 'rating': 19.1, 'success': None, 'explosiveness': None, 'rushing': None, 'passing': None, 'standardDowns': None, 'passingDowns': None, 'runRate': None, 'pace': None}","{'ranking': 87, 'rating': 30.6, 'success': None, 'explosiveness': None, 'rushing': None, 'passing': None, 'standardDowns': None, 'passingDowns': None, 'havoc': {'total': None, 'frontSeven': None, 'db': None}}",{'rating': -0.2}
2025,Louisiana Tech,Conference USA,-11.9,109.0,,,"{'ranking': 126, 'rating': 17.8, 'success': None, 'explosiveness': None, 'rushing': None, 'passing': None, 'standardDowns': None, 'passingDowns': None, 'runRate': None, 'pace': None}","{'ranking': 80, 'rating': 29.7, 'success': None, 'explosiveness': None, 'rushing': None, 'passing': None, 'standardDowns': None, 'passingDowns': None, 'havoc': {'total': None, 'frontSeven': None, 'db': None}}",{'rating': -0.1}
2025,Delaware,Conference USA,-13.0,110.0,,,"{'ranking': 113, 'rating': 20.4, 'success': None, 'explosiveness': None, 'rushing': None, 'passing': None, 'standardDowns': None, 'passingDowns': None, 'runRate': None, 'pace': None}","{'ranking': 105, 'rating': 33.5, 'success': None, 'explosiveness': None, 'rushing': None, 'passing': None, 'standardDowns': None, 'passingDowns': None, 'havoc': {'total': None, 'frontSeven': None, 'db': None}}",{'rating': -0.2}
2025,Bowling Green,Mid-American,-13.7,111.0,,,"{'ranking': 98, 'rating': 23, 'success': None, 'explosiveness': None, 'rushing': None, 'passing': None, 'standardDowns': None, 'passingDowns': None, 'runRate': None, 'pace': None}","{'ranking': 121, 'rating': 36.7, 'success': None, 'explosiveness': None, 'rushing': None, 'passing': None, 'standardDowns': None, 'passingDowns': None, 'havoc': {'total': None, 'frontSeven': None, 'db': None}}",{'rating': 0}
2025,UAB,American Athletic,-13.8,112.0,,,"{'ranking': 84, 'rating': 25.1, 'success': None, 'explosiveness': None, 'rushing': None, 'passing': None, 'standardDowns': None, 'passingDowns': None, 'runRate': None, 'pace': None}","{'ranking': 130, 'rating': 38.9, 'success': None, 'explosiveness': None, 'rushing': None, 'passing': None, 'standardDowns': None, 'passingDowns': None, 'havoc': {'total': None, 'frontSeven': None, 'db': None}}",{'rating': 0.1}
2025,Eastern Michigan,Mid-American,-14.2,113.0,,,"{'ranking': 116, 'rating': 20, 'success': None, 'explosiveness': None, 'rushing': None, 'passing': None, 'standardDowns': None, 'passingDowns': None, 'runRate': None, 'pace': None}","{'ranking': 111, 'rating': 34.2, 'success': None, 'explosiveness': None, 'rushing': None, 'passing': None, 'standardDowns': None, 'passingDowns': None, 'havoc': {'total': None, 'frontSeven': None, 'db': None}}",{'rating': 0.1}
2025,Georgia State,Sun Belt,-14.3,114.0,,,"{'ranking': 91, 'rating': 24.3, 'success': None, 'explosiveness': None, 'rushing': None, 'passing': None, 'standardDowns': None, 'passingDowns': None, 'runRate': None, 'pace': None}","{'ranking': 129, 'rating': 38.6, 'success': None, 'explosiveness': None, 'rushing': None, 'passing': None, 'standardDowns': None, 'passingDowns': None, 'havoc': {'total': None, 'frontSeven': None, 'db': None}}",{'rating': -0.2}
2025,Florida Atlantic,American Athletic,-14.4,115.0,,,"{'ranking': 109, 'rating': 21, 'success': None, 'explosiveness': None, 'rushing': None, 'passing': None, 'standardDowns': None, 'passingDowns': None, 'runRate': None, 'pace': None}","{'ranking': 114, 'rating': 35.4, 'success': None, 'explosiveness': None, 'rushing': None, 'passing': None, 'standardDowns': None, 'passingDowns': None, 'havoc': {'total': None, 'frontSeven': None, 'db': None}}",{'rating': -0.2}
2025,UL Monroe,Sun Belt,-14.6,116.0,,,"{'ranking': 126, 'rating': 17.8, 'success': None, 'explosiveness': None, 'rushing': None, 'passing': None, 'standardDowns': None, 'passingDowns': None, 'runRate': None, 'pace': None}","{'ranking': 99, 'rating': 32.4, 'success': None, 'explosiveness': None, 'rushing': None, 'passing': None, 'standardDowns': None, 'passingDowns': None, 'havoc': {'total': None, 'frontSeven': None, 'db': None}}",{'rating': -0.1}
2025,Utah State,Mountain West,-14.8,117.0,,,"{'ranking': 88, 'rating': 24.5, 'success': None, 'explosiveness': None, 'rushing': None, 'passing': None, 'standardDowns': None, 'passingDowns': None, 'runRate': None, 'pace': None}","{'ranking': 132, 'rating': 39.4, 'success': None, 'explosiveness': None, 'rushing': None, 'passing': None, 'standardDowns': None, 'passingDowns': None, 'havoc': {'total': None, 'frontSeven': None, 'db': None}}",{'rating': 0}
2025,Western Michigan,Mid-American,-14.8,117.0,,,"{'ranking': 112, 'rating': 20.7, 'success': None, 'explosiveness': None, 'rushing': None, 'passing': None, 'standardDowns': None, 'passingDowns': None, 'runRate': None, 'pace': None}","{'ranking': 116, 'rating': 35.5, 'success': None, 'explosiveness': None, 'rushing': None, 'passing': None, 'standardDowns': None, 'passingDowns': None, 'havoc': {'total': None, 'frontSeven': None, 'db': None}}",{'rating': 0.1}
2025,Central Michigan,Mid-American,-14.8,117.0,,,"{'ranking': 126, 'rating': 17.8, 'success': None, 'explosiveness': None, 'rushing': None, 'passing': None, 'standardDowns': None, 'passingDowns': None, 'runRate': None, 'pace': None}","{'ranking': 102, 'rating': 32.5, 'success': None, 'explosiveness': None, 'rushing': None, 'passing': None, 'standardDowns': None, 'passingDowns': None, 'havoc': {'total': None, 'frontSeven': None, 'db': None}}",{'rating': 0.1}
2025,Tulsa,American Athletic,-15.6,120.0,,,"{'ranking': 103, 'rating': 22.3, 'success': None, 'explosiveness': None, 'rushing': None, 'passing': None, 'standardDowns': None, 'passingDowns': None, 'runRate': None, 'pace': None}","{'ranking': 124, 'rating': 37.8, 'success': None, 'explosiveness': None, 'rushing': None, 'passing': None, 'standardDowns': None, 'passingDowns': None, 'havoc': {'total': None, 'frontSeven': None, 'db': None}}",{'rating': -0.2}
2025,Rice,American Athletic,-15.8,121.0,,,"{'ranking': 132, 'rating': 16.7, 'success': None, 'explosiveness': None, 'rushing': None, 'passing': None, 'standardDowns': None, 'passingDowns': None, 'runRate': None, 'pace': None}","{'ranking': 99, 'rating': 32.4, 'success': None, 'explosiveness': None, 'rushing': None, 'passing': None, 'standardDowns': None, 'passingDowns': None, 'havoc': {'total': None, 'frontSeven': None, 'db': None}}",{'rating': -0.2}
2025,New Mexico State,Conference USA,-16.0,122.0,,,"{'ranking': 106, 'rating': 21.8, 'success': None, 'explosiveness': None, 'rushing': None, 'passing': None, 'standardDowns': None, 'passingDowns': None, 'runRate': None, 'pace': None}","{'ranking': 124, 'rating': 37.8, 'success': None, 'explosiveness': None, 'rushing': None, 'passing': None, 'standardDowns': None, 'passingDowns': None, 'havoc': {'total': None, 'frontSeven': None, 'db': None}}",{'rating': 0.2}
2025,UTEP,Conference USA,-16.1,123.0,,,"{'ranking': 122, 'rating': 19, 'success': None, 'explosiveness': None, 'rushing': None, 'passing': None, 'standardDowns': None, 'passingDowns': None, 'runRate': None, 'pace': None}","{'ranking': 113, 'rating': 35.1, 'success': None, 'explosiveness': None, 'rushing': None, 'passing': None, 'standardDowns': None, 'passingDowns': None, 'havoc': {'total': None, 'frontSeven': None, 'db': None}}",{'rating': -0.2}
2025,Nevada,Mountain West,-16.3,124.0,,,"{'ranking': 114, 'rating': 20.3, 'success': None, 'explosiveness': None, 'rushing': None, 'passing': None, 'standardDowns': None, 'passingDowns': None, 'runRate': None, 'pace': None}","{'ranking': 119, 'rating': 36.6, 'success': None, 'explosiveness': None, 'rushing': None, 'passing': None, 'standardDowns': None, 'passingDowns': None, 'havoc': {'total': None, 'frontSeven': None, 'db': None}}",{'rating': -0.2}
2025,Temple,American Athletic,-16.4,125.0,,,"{'ranking': 110, 'rating': 20.8, 'success': None, 'explosiveness': None, 'rushing': None, 'passing': None, 'standardDowns': None, 'passingDowns': None, 'runRate': None, 'pace': None}","{'ranking': 123, 'rating': 37.2, 'success': None, 'explosiveness': None, 'rushing': None, 'passing': None, 'standardDowns': None, 'passingDowns': None, 'havoc': {'total': None, 'frontSeven': None, 'db': None}}",{'rating': 0.1}
2025,Middle Tennessee,Conference USA,-16.4,125.0,,,"{'ranking': 130, 'rating': 17.5, 'success': None, 'explosiveness': None, 'rushing': None, 'passing': None, 'standardDowns': None, 'passingDowns': None, 'runRate': None, 'pace': None}","{'ranking': 107, 'rating': 33.9, 'success': None, 'explosiveness': None, 'rushing': None, 'passing': None, 'standardDowns': None, 'passingDowns': None, 'havoc': {'total': None, 'frontSeven': None, 'db': None}}",{'rating': -0.1}
2025,Missouri State,Conference USA,-17.6,127.0,,,"{'ranking': 75, 'rating': 26.3, 'success': None, 'explosiveness': None, 'rushing': None, 'passing': None, 'standardDowns': None, 'passingDowns': None, 'runRate': None, 'pace': None}","{'ranking': 136, 'rating': 43.8, 'success': None, 'explosiveness': None, 'rushing': None, 'passing': None, 'standardDowns': None, 'passingDowns': None, 'havoc': {'total': None, 'frontSeven': None, 'db': None}}",{'rating': -0.2}
2025,Southern Miss,Sun Belt,-17.7,128.0,,,"{'ranking': 114, 'rating': 20.3, 'success': None, 'explosiveness': None, 'rushing': None, 'passing': None, 'standardDowns': None, 'passingDowns': None, 'runRate': None, 'pace': None}","{'ranking': 126, 'rating': 38.1, 'success': None, 'explosiveness': None, 'rushing': None, 'passing': None, 'standardDowns': None, 'passingDowns': None, 'havoc': {'total': None, 'frontSeven': None, 'db': None}}",{'rating': -0.1}
2025,Florida International,Conference USA,-18.0,129.0,,,"{'ranking': 124, 'rating': 18, 'success': None, 'explosiveness': None, 'rushing': None, 'passing': None, 'standardDowns': None, 'passingDowns': None, 'runRate': None, 'pace': None}","{'ranking': 118, 'rating': 36, 'success': None, 'explosiveness': None, 'rushing': None, 'passing': None, 'standardDowns': None, 'passingDowns': None, 'havoc': {'total': None, 'frontSeven': None, 'db': None}}",{'rating': -0.1}
2025,New Mexico,Mountain West,-18.4,130.0,,,"{'ranking': 97, 'rating': 23.6, 'success': None, 'explosiveness': None, 'rushing': None, 'passing': None, 'standardDowns': None, 'passingDowns': None, 'runRate': None, 'pace': None}","{'ranking': 134, 'rating': 42.1, 'success': None, 'explosiveness': None, 'rushing': None, 'passing': None, 'standardDowns': None, 'passingDowns': None, 'havoc': {'total': None, 'frontSeven': None, 'db': None}}",{'rating': -0.2}
2025,Kennesaw State,Conference USA,-18.9,131.0,,,"{'ranking': 136, 'rating': 12.3, 'success': None, 'explosiveness': None, 'rushing': None, 'passing': None, 'standardDowns': None, 'passingDowns': None, 'runRate': None, 'pace': None}","{'ranking': 93, 'rating': 31.1, 'success': None, 'explosiveness': None, 'rushing': None, 'passing': None, 'standardDowns': None, 'passingDowns': None, 'havoc': {'total': None, 'frontSeven': None, 'db': None}}",{'rating': 0}
2025,Akron,Mid-American,-19.3,132.0,,,"{'ranking': 131, 'rating': 17.3, 'success': None, 'explosiveness': None, 'rushing': None, 'passing': None, 'standardDowns': None, 'passingDowns': None, 'runRate': None, 'pace': None}","{'ranking': 119, 'rating': 36.6, 'success': None, 'explosiveness': None, 'rushing': None, 'passing': None, 'standardDowns': None, 'passingDowns': None, 'havoc': {'total': None, 'frontSeven': None, 'db': None}}",{'rating': 0.1}
2025,Charlotte,American Athletic,-19.4,133.0,,,"{'ranking': 120, 'rating': 19.1, 'success': None, 'explosiveness': None, 'rushing': None, 'passing': None, 'standardDowns': None, 'passingDowns': None, 'runRate': None, 'pace': None}","{'ranking': 128, 'rating': 38.5, 'success': None, 'explosiveness': None, 'rushing': None, 'passing': None, 'standardDowns': None, 'passingDowns': None, 'havoc': {'total': None, 'frontSeven': None, 'db': None}}",{'rating': 0.1}
2025,Ball State,Mid-American,-21.2,134.0,,,"{'ranking': 123, 'rating': 18.1, 'success': None, 'explosiveness': None, 'rushing': None, 'passing': None, 'standardDowns': None, 'passingDowns': None, 'runRate': None, 'pace': None}","{'ranking': 131, 'rating': 39.3, 'success': None, 'explosiveness': None, 'rushing': None, 'passing': None, 'standardDowns': None, 'passingDowns': None, 'havoc': {'total': None, 'frontSeven': None, 'db': None}}",{'rating': 0}
2025,Massachusetts,Mid-American,-23.9,135.0,,,"{'ranking': 119, 'rating': 19.3, 'success': None, 'explosiveness': None, 'rushing': None, 'passing': None, 'standardDowns': None, 'passingDowns': None, 'runRate': None, 'pace': None}","{'ranking': 135, 'rating': 43.2, 'success': None, 'explosiveness': None, 'rushing': None, 'passing': None, 'standardDowns': None, 'passingDowns': None, 'havoc': {'total': None, 'frontSeven': None, 'db': None}}",{'rating': -0.2}
2025,Kent State,Mid-American,-24.9,136.0,,,"{'ranking': 134, 'rating': 15.6, 'success': None, 'explosiveness': None, 'rushing': None, 'passing': None, 'standardDowns': None, 'passingDowns': None, 'runRate': None, 'pace': None}","{'ranking': 133, 'rating': 40.6, 'success': None, 'explosiveness': None, 'rushing': None, 'passing': None, 'standardDowns': None, 'passingDowns': None, 'havoc': {'total': None, 'frontSeven': None, 'db': None}}",{'rating': -0.2}
2025,nationalAverages,,-0.3323529411764706,,,,"{'ranking': None, 'rating': 27.159558823529412, 'success': None, 'explosiveness': None, 'rushing': None, 'passing': None, 'standardDowns': None, 'passingDowns': None, 'runRate': None, 'pace': None}","{'ranking': None, 'rating': 27.49264705882353, 'success': None, 'explosiveness': None, 'rushing': None, 'passing': None, 'standardDowns': None, 'passingDowns': None, 'havoc': {'total': None, 'frontSeven': None, 'db': None}}",{'rating': 0.01764705882352941}
